S0CS0C16490	{'S0C16490_9': {'PF01018.17': [[2, 157]]}, 'S0C16490_5': {'PF08459.6': [[372, 527]]}}
S0CS0C10582	{'S0C42941_2': {'PF04997.7': [[1, 299]], 'PF00623.15': [[301, 443]], 'PF04983.13': [[446, 544]]}, 'S0C42941_1': {'PF05000.12': [[64, 153]]}}
S0CS0C16323	{'S0C8062_4': {'TIGR02075': [[2, 166]]}, 'S0C20319_3': {'TIGR00344': [[7, 527]]}, 'S0C8062_3': {'PF01765.14': [[20, 183]]}, 'S0C37697_2': {'PF04998.12': [[395, 640]], 'PF00623.15': [[21, 115]], 'PF04983.13': [[118, 273]], 'PF05000.12': [[303, 392]]}, 'S0C37697_1': {'PF04997.7': [[18, 186]]}}
S0CS0C12724	{}
S0CS0C11579	{}
S0CS0C17065	{}
S0CS0C15336	{}
S0CS0C10403	{}
S0CS0C13874	{}
S0CS0C14245	{'S0C14245_11': {'PF03948.9': [[63, 149]], 'PF01281.14': [[1, 47]]}}
S0CS0C11516	{}
S0CS0C16175	{'S0C12142_2': {'PF02367.12': [[14, 133]]}}
S0CS0C13344	{}
S0CS0C11393	{}
S0CS0C15825	{}
S0CS0C10581	{'S0C10581_3': {'PF00829.16': [[1, 95]]}, 'S0C10581_1': {'PF01016.14': [[11, 61]]}}
S0CS0C13416	{}
S0CS0C1730	{'S0C1730_18': {'PF06071.8': [[1, 41]]}}
S0CS0C17287	{}
S0CS0C16601	{}
S0CS0C1736	{'S0C1736_23': {'TIGR00967': [[15, 252]]}, 'S0C1736_26': {'PF00333.15': [[11, 76]], 'PF03719.10': [[86, 159]]}, 'S0C1736_16': {'PF01000.21': [[61, 154]], 'PF01193.19': [[27, 227]]}, 'S0C1736_27': {'PF00861.17': [[7, 118]]}, 'S0C1736_29': {'PF00410.14': [[5, 132]]}, 'S0C1736_28': {'PF00347.18': [[91, 165]]}, 'S0C1736_24': {'PF00828.14': [[27, 100]]}, 'S0C1736_8': {'PF00380.14': [[10, 130]]}, 'S0C1736_9': {'PF00572.13': [[50, 176]]}, 'S0C1736_14': {'PF01196.14': [[16, 126]]}, 'S0C1736_17': {'PF00411.14': [[19, 128]]}, 'S0C1736_18': {'PF00416.17': [[3, 108]]}, 'S0C1736_30': {'PF00673.16': [[1, 36]]}}
S0CS0C11184	{}
S0CS0C10145	{}
S0CS0C16634	{}
S0CS0C10112	{'S0C18691_2': {'TIGR00084': [[1, 199]]}}
S0CS0C16251	{'S0C19055_1': {'PF01765.14': [[2, 65]]}, 'S0C47097_6': {'PF00380.14': [[10, 130]]}, 'S0C47097_5': {'PF00572.13': [[15, 141]]}}
S0CS0C13886	{'S0C18691_2': {'TIGR00084': [[1, 199]]}, 'S0C28556_2': {'PF01121.15': [[5, 179]]}, 'S0C28915_1': {'PF12344.3': [[147, 187]]}, 'S0C35489_1': {'PF01245.15': [[2, 114]]}}
S0CS0C17834	{}
S0CS0C1797	{}
S0CS0C1810	{}
S0CS0C18100	{'S0C18100_15': {'PF01746.16': [[23, 224]]}, 'S0C18100_14': {'PF01245.15': [[4, 114]]}, 'S0C18100_19': {'PF02978.14': [[49, 148]]}, 'S0C18100_18': {'PF00886.14': [[9, 67]]}}
S0CS0C1882	{}
S0CS0C18374	{}
S0CS0C1812	{}
S0CS0C19488	{}
S0CS0C21052	{}
S0CS0C1823	{}
S0CS0C20699	{}
S0CS0C19564	{}
S0CS0C20212	{}
S0CS0C21028	{}
S0CS0C19358	{'S0C20319_3': {'TIGR00344': [[7, 527]]}, 'S0C50005_4': {'PF01509.13': [[32, 179]]}, 'S0C37697_2': {'PF04998.12': [[395, 640]], 'PF00623.15': [[21, 115]], 'PF04983.13': [[118, 273]], 'PF05000.12': [[303, 392]]}, 'S0C50005_5': {'PF00312.17': [[7, 49]]}, 'S0C50005_1': {'PF11987.3': [[389, 496]]}, 'S0C19358_2': {'PF05697.8': [[1, 90]]}, 'S0C50005_2&&S0C50005_3': {'PF02033.13': [[3, 36]]}, 'S0C37697_1': {'PF04997.7': [[18, 186]]}}
S0CS0C21371	{}
S0CS0C22497	{}
S0CS0C22765	{'S0C22765_2': {'PF00562.23': [[627, 1066]], 'PF04563.10': [[28, 470]], 'PF04561.9': [[140, 287]], 'PF04560.15': [[1068, 1142]], 'PF04565.11': [[474, 543]], 'PF10385.4': [[552, 619]]}, 'S0C22765_1': {'PF04997.7': [[25, 197]], 'PF00623.15': [[199, 340]], 'PF04983.13': [[344, 404]]}}
S0CS0C12299	{'S0C29839_3': {'TIGR00810': [[4, 74]]}, 'S0C22854_3': {'TIGR00922': [[2, 150]]}, 'S0C18691_2': {'TIGR00084': [[1, 199]]}, 'S0C45867_2&&S0C45867_3': {'TIGR00084': [[1, 77]]}, 'S0C43596_6': {'TIGR00755': [[10, 263]]}, 'S0C10069_6': {'TIGR03723': [[3, 261]], 'TIGR00329': [[4, 261]]}, 'S0C21596_5': {'TIGR00967': [[20, 295]]}, 'S0C32823_2': {'TIGR00460': [[5, 275]]}, 'S0C21596_1': {'PF00333.15': [[10, 75]], 'PF03719.10': [[85, 158]]}, 'S0C39422_4': {'PF01668.13': [[13, 79]]}, 'S0C29839_5': {'PF08529.6': [[4, 72]]}, 'S0C40768_1': {'PF13603.1': [[221, 403]]}, 'S0C121_2': {'PF01795.14': [[4, 315]]}, 'S0C50005_4': {'PF01509.13': [[32, 179]]}, 'S0C50005_5': {'PF00312.17': [[7, 49]]}, 'S0C50005_1': {'PF11987.3': [[389, 496]]}, 'S0C23349_1': {'PF00453.13': [[3, 108]]}, 'S0C22854_4': {'PF03946.9': [[8, 67]], 'PF00298.14': [[72, 140]]}, 'S0C35489_1': {'PF01245.15': [[2, 114]]}, 'S0C4365_4': {'PF05697.8': [[1, 145]]}, 'S0C50005_2': {'PF02033.13': [[7, 67]]}, 'S0C21596_4': {'PF00828.14': [[8, 112]]}, 'S0C10623_3': {'PF00380.14': [[8, 128]]}, 'S0C30723_3': {'PF00829.16': [[1, 95]]}, 'S0C10623_1': {'PF00889.14': [[56, 178]]}, 'S0C22854_5': {'PF00687.16': [[28, 220]]}, 'S0C25299_1': {'PF00177.16': [[1, 58]]}, 'S0C10623_2': {'PF00318.15': [[9, 224]]}, 'S0C25299_2': {'PF00164.20': [[3, 123]]}, 'S0C23349_2': {'PF01632.14': [[2, 61]]}, 'S0C25299_3&&S0C25299_4': {'PF04998.12': [[4, 118]]}, 'S0C30723_1': {'PF01016.14': [[10, 70]]}}
S0CS0C23408	{}
S0CS0C22790	{}
S0CS0C22792	{}
S0CS0C21621	{'S0C5045_1': {'TIGR00459': [[1, 411]]}, 'S0C5849_7': {'TIGR00084': [[1, 194]]}, 'S0C5849_6': {'PF05491.8': [[259, 333]]}}
S0CS0C16697	{'S0C30321_21': {'TIGR00615': [[1, 197]]}, 'S0C51248_10': {'TIGR00459': [[3, 582]]}, 'S0C42125_4': {'TIGR00922': [[12, 183]]}, 'S0C52825_22': {'TIGR00084': [[3, 193]]}, 'S0C29095_26': {'TIGR00019': [[2, 357]]}, 'S0C20472_23': {'TIGR03263': [[5, 184]]}, 'S0C30321_8': {'TIGR03723': [[7, 318]], 'TIGR00329': [[8, 312]]}, 'S0C20472_18': {'TIGR00460': [[1, 278]]}, 'S0C52825_23': {'PF05491.8': [[259, 333]]}, 'S0C26412_17': {'PF01795.14': [[3, 311]]}, 'S0C38228_7': {'PF00312.17': [[8, 88]]}, 'S0C51248_2': {'PF02130.12': [[1, 110]]}, 'S0C37633_17': {'PF00453.13': [[3, 108]]}, 'S0C51603_7': {'PF06071.8': [[256, 339]]}, 'S0C22855_8': {'PF00298.14': [[71, 139]], 'PF03946.9': [[8, 66]]}, 'S0C38228_6': {'PF01649.13': [[3, 84]]}, 'S0C36478_2': {'PF01195.14': [[3, 185]]}, 'S0C22855_1': {'PF00466.15': [[7, 48]]}, 'S0C22855_7': {'PF00687.16': [[6, 193]]}, 'S0C45821_8': {'PF00177.16': [[1, 149]]}, 'S0C45821_9': {'PF00164.20': [[2, 136]]}, 'S0C37633_18': {'PF01632.14': [[2, 62]]}, 'S0C45821_13': {'PF04998.12': [[21, 277]]}}
S0CS0C11558	{'S0C5045_1': {'TIGR00459': [[1, 411]]}, 'S0C46167_5': {'TIGR00810': [[3, 75]]}, 'S0C47386_3': {'TIGR00922': [[131, 302]]}, 'S0C52559_2': {'TIGR00084': [[2, 199]]}, 'S0C5849_7': {'TIGR00084': [[1, 194]]}, 'S0C47249_2': {'TIGR00392': [[14, 831]]}, 'S0C40133_3': {'TIGR03723': [[7, 318]], 'TIGR00329': [[8, 312]]}, 'S0C37368_3': {'TIGR02075': [[6, 238]]}, 'S0C8062_4': {'TIGR02075': [[2, 166]]}, 'S0C20319_3': {'TIGR00344': [[7, 527]]}, 'S0C17924_2': {'PF02978.14': [[328, 427]]}, 'S0C12785_4': {'PF01121.15': [[4, 181]]}, 'S0C477_6': {'PF01121.15': [[1, 149]]}, 'S0C46167_2': {'PF01668.13': [[7, 73]]}, 'S0C37368_4': {'PF01765.14': [[20, 183]]}, 'S0C8062_3': {'PF01765.14': [[20, 183]]}, 'S0C49903_2': {'PF01018.17': [[23, 178]]}, 'S0C5849_6': {'PF05491.8': [[259, 333]]}, 'S0C10744_4': {'PF01509.13': [[23, 77]]}, 'S0C32729_3': {'PF00312.17': [[7, 88]]}, 'S0C33202_6': {'PF01746.16': [[23, 222]]}, 'S0C10744_1': {'PF11987.3': [[275, 381]]}, 'S0C47386_2': {'PF03946.9': [[8, 67]], 'PF00298.14': [[72, 140]]}, 'S0C33202_1': {'PF01245.15': [[2, 113]]}, 'S0C18712_3': {'PF05697.8': [[1, 146]]}, 'S0C12678_2': {'PF01649.13': [[2, 84]]}, 'S0C8027_2': {'PF01195.14': [[3, 184]]}, 'S0C10744_3': {'PF02033.13': [[4, 107]]}, 'S0C40721_1': {'PF00829.16': [[1, 98]]}, 'S0C39535_1': {'PF02367.12': [[17, 65]]}, 'S0C40133_6': {'PF02367.12': [[1, 55]]}, 'S0C54099_2': {'PF00889.14': [[57, 275]]}, 'S0C47386_1': {'PF00687.16': [[16, 221]]}, 'S0C31321_3': {'PF00886.14': [[9, 67]]}, 'S0C17414_2': {'PF00177.16': [[2, 97]]}, 'S0C54099_3': {'PF00318.15': [[9, 223]]}, 'S0C40721_2': {'PF01016.14': [[2, 82]]}}
S0CS0C23773	{}
S0CS0C23534	{'S0C42941_2': {'PF04997.7': [[1, 299]], 'PF00623.15': [[301, 443]], 'PF04983.13': [[446, 544]]}, 'S0C42941_1': {'PF05000.12': [[64, 153]]}}
S0CS0C24671	{}
S0CS0C24224	{'S0C24224_17': {'TIGR00810': [[3, 75]]}, 'S0C24224_20': {'PF01668.13': [[12, 41]]}, 'S0C24224_10': {'PF00162.14': [[6, 385]]}}
S0CS0C13902	{'S0C29839_3': {'TIGR00810': [[4, 74]]}, 'S0C22854_3': {'TIGR00922': [[2, 150]]}, 'S0C49702_2': {'TIGR00084': [[76, 223]]}, 'S0C18691_2': {'TIGR00084': [[1, 199]]}, 'S0C45867_2&&S0C45867_3': {'TIGR00084': [[1, 77]]}, 'S0C22931_3': {'TIGR03263': [[12, 166]]}, 'S0C43596_6': {'TIGR00755': [[10, 263]]}, 'S0C10069_6': {'TIGR03723': [[3, 261]], 'TIGR00329': [[4, 261]]}, 'S0C21596_5': {'TIGR00967': [[20, 295]]}, 'S0C20125_6': {'TIGR01079': [[1, 101]]}, 'S0C32823_2': {'TIGR00460': [[5, 275]]}, 'S0C32096_1': {'TIGR00344': [[26, 874]]}, 'S0C5376_1': {'PF02978.14': [[248, 349]]}, 'S0C21596_1': {'PF00333.15': [[10, 75]], 'PF03719.10': [[85, 158]]}, 'S0C28556_2': {'PF01121.15': [[5, 179]]}, 'S0C20125_5': {'PF00673.16': [[84, 177]], 'PF00281.14': [[24, 80]]}, 'S0C39422_4': {'PF01668.13': [[13, 79]]}, 'S0C379_1': {'PF01409.15': [[4, 160]]}, 'S0C29839_5': {'PF08529.6': [[4, 72]]}, 'S0C40768_1': {'PF13603.1': [[221, 403]]}, 'S0C121_2': {'PF01795.14': [[4, 315]]}, 'S0C50005_4': {'PF01509.13': [[32, 179]]}, 'S0C28915_1': {'PF12344.3': [[147, 187]]}, 'S0C379_2': {'PF03484.10': [[412, 479]]}, 'S0C50005_5': {'PF00312.17': [[7, 49]]}, 'S0C49702_3': {'PF05491.8': [[257, 331]]}, 'S0C40082_6': {'PF00297.17': [[1, 101]]}, 'S0C20125_3': {'PF00410.14': [[5, 130]]}, 'S0C20125_2': {'PF00347.18': [[90, 164]]}, 'S0C50005_1': {'PF11987.3': [[389, 496]]}, 'S0C23349_1': {'PF00453.13': [[3, 108]]}, 'S0C20125_7': {'PF00238.14': [[1, 122]]}, 'S0C30213_3': {'PF03948.9': [[62, 147]], 'PF01281.14': [[1, 48]]}, 'S0C22854_4': {'PF03946.9': [[8, 67]], 'PF00298.14': [[72, 140]]}, 'S0C35489_1': {'PF01245.15': [[2, 114]]}, 'S0C4365_4': {'PF05697.8': [[1, 145]]}, 'S0C19358_2': {'PF05697.8': [[1, 90]]}, 'S0C9016_1': {'PF01649.13': [[2, 44]]}, 'S0C40082_3': {'PF03947.13': [[125, 252]], 'PF00181.18': [[42, 118]]}, 'S0C50005_2': {'PF02033.13': [[7, 67]]}, 'S0C40082_5': {'PF00573.17': [[1, 99]]}, 'S0C21596_4': {'PF00828.14': [[8, 112]]}, 'S0C47097_6': {'PF00380.14': [[10, 130]]}, 'S0C10623_3': {'PF00380.14': [[8, 128]]}, 'S0C30213_6': {'PF01250.12': [[2, 91]]}, 'S0C30723_3': {'PF00829.16': [[1, 95]]}, 'S0C20125_8': {'PF00366.15': [[13, 80]]}, 'S0C10623_1': {'PF00889.14': [[56, 178]]}, 'S0C47097_5': {'PF00572.13': [[15, 141]]}, 'S0C22854_5': {'PF00687.16': [[28, 220]]}, 'S0C5376_2': {'PF00886.14': [[10, 68]]}, 'S0C51490_2': {'PF00177.16': [[1, 149]]}, 'S0C25299_1': {'PF00177.16': [[1, 58]]}, 'S0C40082_4': {'PF00276.15': [[8, 96]]}, 'S0C10623_2': {'PF00318.15': [[1, 198]]}, 'S0C25299_2': {'PF00164.20': [[3, 123]]}, 'S0C51490_1': {'PF00164.20': [[1, 65]]}, 'S0C40082_2': {'PF00203.16': [[3, 83]]}, 'S0C23349_2': {'PF01632.14': [[2, 61]]}, 'S0C25299_3&&S0C25299_4': {'PF04998.12': [[4, 118]]}, 'S0C30723_1': {'PF01016.14': [[10, 70]]}}
S0CS0C24856	{}
S0CS0C25099	{}
S0CS0C25184	{}
S0CS0C2603	{}
S0CS0C26857	{}
S0CS0C25821	{}
S0CS0C26321	{}
S0CS0C26971	{}
S0CS0C24676	{}
S0CS0C25544	{}
S0CS0C27031	{}
S0CS0C27127	{}
S0CS0C27760	{}
S0CS0C27842	{}
S0CS0C27669	{}
S0CS0C27958	{}
S0CS0C28234	{}
S0CS0C18668	{'S0C46167_5': {'TIGR00810': [[3, 75]]}, 'S0C52559_2': {'TIGR00084': [[2, 199]]}, 'S0C47249_2': {'TIGR00392': [[14, 831]]}, 'S0C40133_3': {'TIGR03723': [[7, 318]], 'TIGR00329': [[8, 312]]}, 'S0C37368_3': {'TIGR02075': [[6, 238]]}, 'S0C17924_2': {'PF02978.14': [[328, 427]]}, 'S0C477_6': {'PF01121.15': [[1, 149]]}, 'S0C46167_2': {'PF01668.13': [[7, 73]]}, 'S0C37368_4': {'PF01765.14': [[20, 183]]}, 'S0C379_1': {'PF01409.15': [[4, 160]]}, 'S0C49903_2': {'PF01018.17': [[2, 157]]}, 'S0C10744_4': {'PF01509.13': [[23, 77]]}, 'S0C379_2': {'PF03484.10': [[412, 479]]}, 'S0C32729_3': {'PF00312.17': [[7, 88]]}, 'S0C33202_6': {'PF01746.16': [[23, 222]]}, 'S0C10744_1': {'PF11987.3': [[275, 381]]}, 'S0C33202_1': {'PF01245.15': [[2, 113]]}, 'S0C18712_3': {'PF05697.8': [[1, 146]]}, 'S0C12678_2': {'PF01649.13': [[2, 84]]}, 'S0C8027_2': {'PF01195.14': [[3, 184]]}, 'S0C10744_3': {'PF02033.13': [[4, 107]]}, 'S0C39535_1': {'PF02367.12': [[17, 65]]}, 'S0C40133_6': {'PF02367.12': [[1, 55]]}, 'S0C54099_2': {'PF00889.14': [[57, 275]]}, 'S0C31321_3': {'PF00886.14': [[9, 67]]}, 'S0C54099_3': {'PF00318.15': [[9, 223]]}}
S0CS0C22347	{'S0C14136_1': {'TIGR00615': [[1, 175]]}, 'S0C1937_7': {'TIGR00459': [[48, 630]]}, 'S0C5777_2': {'TIGR02432': [[29, 208]]}, 'S0C11763_4': {'TIGR00460': [[5, 305]]}, 'S0C19055_1': {'PF01765.14': [[2, 65]]}, 'S0C9088_1': {'PF01409.15': [[92, 337]], 'PF02912.13': [[16, 88]]}, 'S0C41900_2': {'PF01509.13': [[33, 180]]}, 'S0C9088_2': {'PF03484.10': [[404, 471]]}, 'S0C41900_3': {'PF00312.17': [[8, 88]]}, 'S0C39020_2': {'PF02130.12': [[25, 142]]}, 'S0C12142_2': {'PF02367.12': [[14, 133]]}}
S0CS0C28742	{}
S0CS0C23306	{'S0C22854_3': {'TIGR00922': [[2, 150]]}, 'S0C18691_2': {'TIGR00084': [[1, 199]]}, 'S0C45867_2&&S0C45867_3': {'TIGR00084': [[1, 77]]}, 'S0C43596_7': {'TIGR00755': [[10, 263]]}, 'S0C10069_6': {'TIGR03723': [[3, 261]], 'TIGR00329': [[4, 261]]}, 'S0C32823_2': {'TIGR00460': [[5, 275]]}, 'S0C40768_1': {'PF13603.1': [[221, 403]]}, 'S0C22854_4': {'PF03946.9': [[8, 67]], 'PF00298.14': [[72, 140]]}, 'S0C4365_4': {'PF05697.8': [[1, 145]]}, 'S0C22854_5': {'PF00687.16': [[28, 220]]}}
S0CS0C2913	{}
S0CS0C29035	{}
S0CS0C29773	{}
S0CS0C30404	{}
S0CS0C29901	{}
S0CS0C30010	{}
S0CS0C32128	{}
S0CS0C31349	{}
S0CS0C32197	{'S0C32197_6': {'TIGR01079': [[1, 101]]}, 'S0C32197_12': {'PF00237.14': [[10, 114]]}, 'S0C32197_1': {'PF00333.15': [[11, 76]], 'PF03719.10': [[86, 159]]}, 'S0C32197_5': {'PF00673.16': [[85, 178]], 'PF00281.14': [[26, 81]]}, 'S0C32197_10': {'PF00252.13': [[4, 133]]}, 'S0C32197_2': {'PF00861.17': [[7, 119]]}, 'S0C32197_17': {'PF00338.17': [[6, 102]]}, 'S0C32197_16': {'PF00297.17': [[10, 203]]}, 'S0C32197_4': {'PF00410.14': [[5, 132]]}, 'S0C32197_3': {'PF00347.18': [[88, 162]]}, 'S0C32197_11': {'PF00189.15': [[118, 201]]}, 'S0C32197_7': {'PF00238.14': [[1, 122]]}, 'S0C32197_13': {'PF03947.13': [[124, 253]], 'PF00181.18': [[42, 118]]}, 'S0C32197_15': {'PF00573.17': [[17, 204]]}, 'S0C32197_8': {'PF00366.15': [[12, 79]]}, 'S0C32197_14': {'PF00276.15': [[5, 91]]}, 'S0C32197_9': {'PF00831.18': [[3, 59]]}}
S0CS0C34292	{}
S0CS0C32794	{}
S0CS0C32420	{}
S0CS0C32028	{}
S0CS0C34876	{}
S0CS0C33989	{}
S0CS0C23924	{'S0C14136_1': {'TIGR00615': [[1, 175]]}, 'S0C49702_2': {'TIGR00084': [[76, 223]]}, 'S0C11763_4': {'TIGR00460': [[24, 324]]}, 'S0C32096_1': {'TIGR00344': [[26, 874]]}, 'S0C49702_3': {'PF05491.8': [[257, 331]]}, 'S0C30213_3': {'PF03948.9': [[62, 147]], 'PF01281.14': [[1, 48]]}, 'S0C47097_6': {'PF00380.14': [[10, 130]]}, 'S0C30213_6': {'PF01250.12': [[2, 91]]}, 'S0C12142_2': {'PF02367.12': [[14, 133]]}, 'S0C47097_5': {'PF00572.13': [[15, 141]]}}
S0CS0C34176	{'S0C34176_8': {'TIGR00810': [[2, 75]]}, 'S0C34176_1': {'PF01668.13': [[13, 79]]}, 'S0C34176_17': {'PF00162.14': [[5, 393]]}}
S0CS0C3432	{'S0C3432_3': {'PF06421.7': [[497, 604]]}}
S0CS0C28291	{'S0C1937_7': {'TIGR00459': [[48, 630]]}, 'S0C32096_1': {'TIGR00344': [[26, 874]]}, 'S0C47097_6': {'PF00380.14': [[10, 130]]}, 'S0C47097_5': {'PF00572.13': [[15, 141]]}}
S0CS0C3442	{}
S0CS0C35143	{}
S0CS0C35099	{}
S0CS0C32894	{'S0C5777_2': {'TIGR02432': [[7, 116]]}}
S0CS0C35361	{}
S0CS0C35340	{}
S0CS0C27858	{'S0C46167_5': {'TIGR00810': [[3, 75]]}, 'S0C52559_2': {'TIGR00084': [[2, 199]]}, 'S0C47249_2': {'TIGR00392': [[14, 831]]}, 'S0C37368_3': {'TIGR02075': [[6, 238]]}, 'S0C477_6': {'PF01121.15': [[1, 149]]}, 'S0C46167_2': {'PF01668.13': [[7, 73]]}, 'S0C37368_4': {'PF01765.14': [[20, 183]]}, 'S0C10744_4': {'PF01509.13': [[23, 77]]}, 'S0C33202_6': {'PF01746.16': [[23, 222]]}, 'S0C10744_1': {'PF11987.3': [[275, 381]]}, 'S0C33202_1': {'PF01245.15': [[2, 113]]}, 'S0C18712_3': {'PF05697.8': [[1, 146]]}, 'S0C12678_2': {'PF01649.13': [[2, 84]]}, 'S0C8027_2': {'PF01195.14': [[3, 184]]}, 'S0C10744_3': {'PF02033.13': [[4, 107]]}, 'S0C39535_1': {'PF02367.12': [[17, 65]]}, 'S0C54099_2': {'PF00889.14': [[57, 275]]}, 'S0C31321_3': {'PF00886.14': [[9, 67]]}, 'S0C54099_3': {'PF00318.15': [[9, 223]]}}
S0CS0C35770	{}
S0CS0C37296	{}
S0CS0C37152	{}
S0CS0C3745	{}
S0CS0C37719	{}
S0CS0C37788	{}
S0CS0C39070	{}
S0CS0C3949	{}
S0CS0C38760	{}
S0CS0C39782	{}
S0CS0C40406	{}
S0CS0C39956	{}
S0CS0C40738	{}
S0CS0C40614	{'S0C5045_1': {'TIGR00459': [[1, 411]]}, 'S0C5849_7': {'TIGR00084': [[1, 194]]}, 'S0C5849_6': {'PF05491.8': [[259, 333]]}}
S0CS0C39524	{'S0C39524_19': {'PF01000.21': [[54, 150]], 'PF01193.19': [[24, 220]]}, 'S0C39524_6': {'PF00380.14': [[10, 130]]}, 'S0C39524_7': {'PF00572.13': [[16, 143]]}, 'S0C39524_18': {'PF01196.14': [[16, 127]]}, 'S0C39524_20': {'PF00411.14': [[19, 128]]}, 'S0C39524_21': {'PF00416.17': [[3, 108]]}}
S0CS0C38370	{'S0C5777_2': {'TIGR02432': [[7, 116]]}, 'S0C11763_4': {'TIGR00460': [[24, 324]]}}
S0CS0C40780	{}
S0CS0C37933	{'S0C17924_2': {'PF02978.14': [[328, 427]]}, 'S0C379_1': {'PF01409.15': [[4, 160]]}, 'S0C49903_2': {'PF01018.17': [[2, 157]]}, 'S0C379_2': {'PF03484.10': [[412, 479]]}, 'S0C32729_3': {'PF00312.17': [[7, 88]]}, 'S0C35489_1': {'PF01245.15': [[2, 114]]}, 'S0C30723_3': {'PF00829.16': [[1, 95]]}, 'S0C30723_1': {'PF01016.14': [[10, 70]]}}
S0CS0C4101	{'S0C4101_4': {'PF00312.17': [[7, 88]]}, 'S0C4101_9': {'PF05697.8': [[1, 145]]}, 'S0C4101_3': {'PF01649.13': [[4, 83]]}}
S0CS0C41098	{}
S0CS0C33608	{'S0C46167_5': {'TIGR00810': [[3, 75]]}, 'S0C52559_2': {'TIGR00084': [[2, 199]]}, 'S0C47249_2': {'TIGR00392': [[14, 831]]}, 'S0C40133_3': {'TIGR03723': [[7, 318]], 'TIGR00329': [[8, 312]]}, 'S0C37368_3': {'TIGR02075': [[6, 238]]}, 'S0C477_6': {'PF01121.15': [[1, 149]]}, 'S0C46167_2': {'PF01668.13': [[7, 73]]}, 'S0C37368_4': {'PF01765.14': [[20, 183]]}, 'S0C379_1': {'PF01409.15': [[4, 160]]}, 'S0C49903_2': {'PF01018.17': [[2, 157]]}, 'S0C10744_4': {'PF01509.13': [[23, 77]]}, 'S0C379_2': {'PF03484.10': [[412, 479]]}, 'S0C32729_3': {'PF00312.17': [[7, 88]]}, 'S0C33202_6': {'PF01746.16': [[23, 222]]}, 'S0C10744_1': {'PF11987.3': [[275, 381]]}, 'S0C33202_1': {'PF01245.15': [[2, 113]]}, 'S0C12678_2': {'PF01649.13': [[2, 84]]}, 'S0C8027_2': {'PF01195.14': [[3, 184]]}, 'S0C10744_3': {'PF02033.13': [[4, 107]]}, 'S0C39535_1': {'PF02367.12': [[17, 65]]}, 'S0C40133_6': {'PF02367.12': [[1, 55]]}, 'S0C54099_2': {'PF00889.14': [[57, 275]]}, 'S0C31321_3': {'PF00886.14': [[9, 67]]}, 'S0C54099_3': {'PF00318.15': [[9, 223]]}}
S0CS0C4113	{}
S0CS0C41193	{}
S0CS0C41532	{}
S0CS0C41244	{}
S0CS0C41612	{}
S0CS0C10591	{'S0C25657_15': {'TIGR00615': [[1, 197]]}, 'S0C30321_22': {'TIGR00615': [[1, 197]]}, 'S0C51248_11': {'TIGR00459': [[3, 582]]}, 'S0C5045_1': {'TIGR00459': [[1, 411]]}, 'S0C34176_8': {'TIGR00810': [[2, 75]]}, 'S0C24224_18': {'TIGR00810': [[3, 75]]}, 'S0C42125_4': {'TIGR00922': [[12, 183]]}, 'S0C48156_4': {'TIGR00250': [[4, 136]]}, 'S0C50054_1': {'TIGR00250': [[4, 136]]}, 'S0C5849_7': {'TIGR00084': [[1, 194]]}, 'S0C52825_22': {'TIGR00084': [[3, 193]]}, 'S0C52840_6': {'TIGR00019': [[3, 360]]}, 'S0C29095_27': {'TIGR00019': [[2, 357]]}, 'S0C41639_6': {'TIGR03594': [[4, 431]]}, 'S0C10897_6': {'TIGR00392': [[14, 554]]}, 'S0C21243_6': {'TIGR02432': [[16, 196]]}, 'S0C33830_4': {'TIGR02432': [[2, 95]]}, 'S0C20472_23': {'TIGR03263': [[5, 184]]}, 'S0C9426_5': {'TIGR03263': [[1, 146]]}, 'S0C22342_2': {'TIGR00755': [[22, 286]]}, 'S0C48472_19': {'TIGR00755': [[2, 202]]}, 'S0C30321_9': {'TIGR03723': [[7, 318]], 'TIGR00329': [[8, 312]]}, 'S0C25657_29': {'TIGR03723': [[9, 319]], 'TIGR00329': [[10, 313]]}, 'S0C23545_2': {'TIGR00967': [[15, 426]]}, 'S0C1736_23': {'TIGR00967': [[15, 252]]}, 'S0C17941_2': {'TIGR02075': [[4, 235]]}, 'S0C46320_9': {'TIGR02075': [[6, 238]]}, 'S0C29706_3': {'TIGR00855': [[1, 122]]}, 'S0C52338_1': {'TIGR00855': [[1, 111]]}, 'S0C32197_7': {'TIGR01079': [[1, 101]]}, 'S0C9958_2': {'TIGR01079': [[3, 46]]}, 'S0C20169_5': {'TIGR00460': [[3, 309]]}, 'S0C20472_18': {'TIGR00460': [[1, 278]]}, 'S0C28979_7': {'TIGR00344': [[5, 620]]}, 'S0C50054_2': {'TIGR00344': [[5, 644]]}, 'S0C32197_13': {'PF00237.14': [[10, 114]]}, 'S0C40240_2': {'PF00237.14': [[10, 114]]}, 'S0C32197_1': {'PF00333.15': [[11, 76]], 'PF03719.10': [[86, 159]]}, 'S0C1736_26': {'PF00333.15': [[11, 76]], 'PF03719.10': [[86, 159]]}, 'S0C39524_20': {'PF01000.21': [[54, 150]], 'PF01193.19': [[24, 220]]}, 'S0C1736_17': {'PF01000.21': [[61, 154]], 'PF01193.19': [[27, 227]]}, 'S0C43962_3': {'PF01121.15': [[4, 182]]}, 'S0C32197_6': {'PF00673.16': [[85, 178]], 'PF00281.14': [[26, 81]]}, 'S0C9958_1': {'PF00673.16': [[86, 139]], 'PF00281.14': [[25, 81]]}, 'S0C1736_30': {'PF00673.16': [[1, 36]]}, 'S0C34176_1': {'PF01668.13': [[13, 79]]}, 'S0C24224_21': {'PF01668.13': [[12, 41]]}, 'S0C17941_1': {'PF01765.14': [[20, 182]]}, 'S0C46320_8': {'PF01765.14': [[22, 184]]}, 'S0C52204_3': {'PF01409.15': [[9, 259]]}, 'S0C42617_3': {'PF01409.15': [[95, 344]], 'PF02912.13': [[20, 91]]}, 'S0C54026_1': {'PF00562.23': [[302, 475]], 'PF04565.11': [[97, 166]], 'PF10385.4': [[175, 242]]}, 'S0C22765_2': {'PF00562.23': [[627, 1066]], 'PF04565.11': [[474, 543]], 'PF10385.4': [[552, 619]], 'PF04563.10': [[28, 470]], 'PF04561.9': [[140, 287]], 'PF04560.15': [[1068, 1142]]}, 'S0C52888_2': {'PF00562.23': [[1, 206]], 'PF04560.15': [[208, 281]]}, 'S0C54026_2': {'PF04563.10': [[23, 241]], 'PF04561.9': [[135, 286]]}, 'S0C48519_15': {'PF08529.6': [[4, 124]], 'PF13184.1': [[229, 296]]}, 'S0C9356_4': {'PF08529.6': [[4, 124]], 'PF13184.1': [[229, 297]]}, 'S0C36021_3': {'PF13603.1': [[158, 338]]}, 'S0C37094_11': {'PF01018.17': [[2, 156]]}, 'S0C16490_10': {'PF01018.17': [[2, 157]]}, 'S0C52825_23': {'PF05491.8': [[259, 333]]}, 'S0C5849_6': {'PF05491.8': [[259, 333]]}, 'S0C33483_4': {'PF01795.14': [[4, 312]]}, 'S0C26412_17': {'PF01795.14': [[3, 311]]}, 'S0C48519_8': {'PF01509.13': [[23, 154]]}, 'S0C50755_4': {'PF01509.13': [[2, 139]]}, 'S0C53415_14': {'PF12344.3': [[595, 638]]}, 'S0C1930_4': {'PF12344.3': [[558, 600]]}, 'S0C32197_11': {'PF00252.13': [[4, 133]]}, 'S0C9958_6': {'PF00252.13': [[1, 129]]}, 'S0C22765_1': {'PF04997.7': [[32, 207]], 'PF00623.15': [[209, 350]], 'PF04983.13': [[354, 414]]}, 'S0C52888_1': {'PF04997.7': [[5, 331]], 'PF00623.15': [[333, 474]], 'PF04983.13': [[478, 663]], 'PF05000.12': [[693, 754]]}, 'S0C26601_3': {'PF04983.13': [[9, 117]], 'PF05000.12': [[149, 212]], 'PF04998.12': [[224, 591]]}, 'S0C32197_2': {'PF00861.17': [[7, 119]]}, 'S0C1736_27': {'PF00861.17': [[7, 118]]}, 'S0C32197_18': {'PF00338.17': [[6, 102]]}, 'S0C40240_8': {'PF00338.17': [[1, 93]]}, 'S0C9961_6': {'PF03484.10': [[28, 94]]}, 'S0C42617_2': {'PF03484.10': [[412, 478]]}, 'S0C4101_3': {'PF00312.17': [[7, 88]]}, 'S0C38228_7': {'PF00312.17': [[8, 88]]}, 'S0C38394_8': {'PF01746.16': [[22, 219]]}, 'S0C18100_15': {'PF01746.16': [[23, 224]]}, 'S0C32197_17': {'PF00297.17': [[10, 203]]}, 'S0C40240_7': {'PF00297.17': [[10, 203]]}, 'S0C32197_4': {'PF00410.14': [[5, 132]]}, 'S0C1736_29': {'PF00410.14': [[5, 132]]}, 'S0C32197_3': {'PF00347.18': [[88, 162]]}, 'S0C1736_28': {'PF00347.18': [[91, 165]]}, 'S0C3432_3': {'PF06421.7': [[497, 604]]}, 'S0C29322_1': {'PF06421.7': [[57, 163]]}, 'S0C9356_1': {'PF11987.3': [[728, 796]]}, 'S0C48519_10': {'PF11987.3': [[2, 106]]}, 'S0C38394_12': {'PF02978.14': [[328, 427]]}, 'S0C18100_19': {'PF02978.14': [[49, 148]]}, 'S0C32197_12': {'PF00189.15': [[118, 201]]}, 'S0C40240_1': {'PF00189.15': [[118, 201]]}, 'S0C51248_2': {'PF02130.12': [[1, 110]]}, 'S0C15997_11': {'PF02130.12': [[6, 110]]}, 'S0C52204_29': {'PF00453.13': [[3, 109]]}, 'S0C37633_17': {'PF00453.13': [[3, 108]]}, 'S0C9958_3': {'PF00238.14': [[1, 122]]}, 'S0C32197_8': {'PF00238.14': [[1, 122]]}, 'S0C14245_11': {'PF03948.9': [[63, 149]], 'PF01281.14': [[1, 47]]}, 'S0C45584_8': {'PF03948.9': [[62, 149]], 'PF01281.14': [[1, 48]]}, 'S0C51603_7': {'PF06071.8': [[284, 367]]}, 'S0C1730_18': {'PF06071.8': [[1, 41]]}, 'S0C52338_4': {'PF00298.14': [[71, 139]], 'PF03946.9': [[8, 66]]}, 'S0C22855_8': {'PF00298.14': [[71, 139]], 'PF03946.9': [[8, 66]]}, 'S0C18100_14': {'PF01245.15': [[4, 114]]}, 'S0C38394_7': {'PF01245.15': [[4, 114]]}, 'S0C25678_10': {'PF05697.8': [[1, 145]]}, 'S0C4101_8': {'PF05697.8': [[1, 145]]}, 'S0C38228_6': {'PF01649.13': [[3, 84]]}, 'S0C4101_2': {'PF01649.13': [[4, 83]]}, 'S0C36478_2': {'PF01195.14': [[3, 185]]}, 'S0C52338_2': {'PF00466.15': [[8, 102]]}, 'S0C22855_1': {'PF00466.15': [[7, 48]]}, 'S0C32197_14': {'PF03947.13': [[124, 253]], 'PF00181.18': [[42, 118]]}, 'S0C40240_4': {'PF03947.13': [[124, 252]], 'PF00181.18': [[42, 117]]}, 'S0C50755_7': {'PF02033.13': [[4, 108]]}, 'S0C48519_9': {'PF02033.13': [[5, 60]]}, 'S0C40240_6': {'PF00573.17': [[17, 204]]}, 'S0C32197_16': {'PF00573.17': [[17, 204]]}, 'S0C45821_13': {'PF04998.12': [[21, 277]]}, 'S0C23545_3': {'PF00828.14': [[27, 145]]}, 'S0C1736_24': {'PF00828.14': [[27, 100]]}, 'S0C39524_7': {'PF00380.14': [[10, 130]]}, 'S0C1736_8': {'PF00380.14': [[10, 130]]}, 'S0C29541_13': {'PF01250.12': [[4, 94]]}, 'S0C10581_3': {'PF00829.16': [[1, 95]]}, 'S0C9958_4': {'PF00366.15': [[13, 80]]}, 'S0C32197_9': {'PF00366.15': [[12, 79]]}, 'S0C12666_6': {'PF02367.12': [[16, 132]]}, 'S0C9323_2': {'PF02367.12': [[13, 129]]}, 'S0C46320_10': {'PF00889.14': [[57, 273]]}, 'S0C17941_3': {'PF00889.14': [[57, 274]]}, 'S0C1736_9': {'PF00572.13': [[16, 142]]}, 'S0C39524_8': {'PF00572.13': [[16, 143]]}, 'S0C22855_7': {'PF00687.16': [[6, 193]]}, 'S0C52338_3': {'PF00687.16': [[1, 102]]}, 'S0C38394_11': {'PF00886.14': [[9, 67]]}, 'S0C18100_18': {'PF00886.14': [[9, 67]]}, 'S0C45821_8': {'PF00177.16': [[1, 149]]}, 'S0C18196_2&&S0C18196_3': {'PF00177.16': [[1, 53]]}, 'S0C40240_5': {'PF00276.15': [[5, 90]]}, 'S0C32197_15': {'PF00276.15': [[5, 91]]}, 'S0C17941_4': {'PF00318.15': [[9, 225]]}, 'S0C46320_11': {'PF00318.15': [[9, 225]]}, 'S0C37094_12': {'PF08459.6': [[121, 273]]}, 'S0C16490_5': {'PF08459.6': [[372, 527]]}, 'S0C45821_9': {'PF00164.20': [[2, 136]]}, 'S0C18196_4': {'PF00164.20': [[11, 109]]}, 'S0C39524_19': {'PF01196.14': [[16, 127]]}, 'S0C1736_15': {'PF01196.14': [[16, 126]]}, 'S0C40240_3': {'PF00203.16': [[5, 64]]}, 'S0C37633_18': {'PF01632.14': [[2, 62]]}, 'S0C10581_1': {'PF01016.14': [[11, 61]]}, 'S0C1736_18': {'PF00411.14': [[19, 128]]}, 'S0C39524_21': {'PF00411.14': [[19, 128]]}, 'S0C24224_11': {'PF00162.14': [[6, 385]]}, 'S0C34176_18': {'PF00162.14': [[5, 393]]}, 'S0C32197_10': {'PF00831.18': [[3, 59]]}, 'S0C9958_5': {'PF00831.18': [[3, 59]]}, 'S0C1736_19': {'PF00416.17': [[3, 108]]}, 'S0C39524_22': {'PF00416.17': [[3, 108]]}}
S0CS0C41633	{}
S0CS0C42175	{}
S0CS0C42251	{}
S0CS0C42617	{'S0C42617_3': {'PF01409.15': [[95, 344]], 'PF02912.13': [[20, 91]]}, 'S0C42617_2': {'PF03484.10': [[412, 478]]}}
S0CS0C43778	{}
S0CS0C42941	{'S0C41900_2': {'PF01509.13': [[33, 180]]}, 'S0C42941_2': {'PF04997.7': [[1, 299]], 'PF00623.15': [[301, 443]], 'PF04983.13': [[446, 544]]}, 'S0C41900_3': {'PF00312.17': [[8, 88]]}, 'S0C42941_1': {'PF05000.12': [[64, 153]]}}
S0CS0C44394	{}
S0CS0C43855	{}
S0CS0C44115	{}
S0CS0C44521	{}
S0CS0C46615	{}
S0CS0C45584	{'S0C45584_8': {'PF03948.9': [[62, 149]], 'PF01281.14': [[1, 48]]}}
S0CS0C45092	{'S0C41900_2': {'PF01509.13': [[33, 180]]}, 'S0C41900_3': {'PF00312.17': [[8, 88]]}}
S0CS0C45196	{}
S0CS0C47400	{}
S0CS0C47097	{'S0C49702_2': {'TIGR00084': [[76, 223]]}, 'S0C49702_3': {'PF05491.8': [[257, 331]]}, 'S0C47097_6': {'PF00380.14': [[10, 130]]}, 'S0C47097_5': {'PF00572.13': [[15, 141]]}}
S0CS0C48215	{}
S0CS0C47735	{}
S0CS0C48519	{'S0C48519_15': {'PF08529.6': [[4, 124]], 'PF13184.1': [[229, 296]]}, 'S0C48519_8': {'PF01509.13': [[23, 154]]}, 'S0C48519_10': {'PF11987.3': [[2, 106]]}, 'S0C48519_9': {'PF02033.13': [[5, 60]]}}
S0CS0C49336	{}
S0CS0C50005	{'S0C20319_3': {'TIGR00344': [[7, 527]]}, 'S0C50005_4': {'PF01509.13': [[32, 179]]}, 'S0C37697_2': {'PF04998.12': [[395, 640]], 'PF00623.15': [[21, 115]], 'PF04983.13': [[118, 273]], 'PF05000.12': [[303, 392]]}, 'S0C50005_5': {'PF00312.17': [[7, 49]]}, 'S0C50005_1': {'PF11987.3': [[389, 496]]}, 'S0C19358_2': {'PF05697.8': [[1, 90]]}, 'S0C50005_2&&S0C50005_3': {'PF02033.13': [[3, 36]]}, 'S0C37697_1': {'PF04997.7': [[18, 186]]}}
S0CS0C41179	{'S0C25657_15': {'TIGR00615': [[1, 197]]}, 'S0C48472_19': {'TIGR00755': [[2, 205]]}, 'S0C25657_29': {'TIGR03723': [[9, 319]], 'TIGR00329': [[10, 313]]}, 'S0C46320_9': {'TIGR02075': [[6, 238]]}, 'S0C52338_1': {'TIGR00855': [[1, 111]]}, 'S0C20169_5': {'TIGR00460': [[3, 309]]}, 'S0C46320_8': {'PF01765.14': [[22, 184]]}, 'S0C37094_11': {'PF01018.17': [[2, 156]]}, 'S0C53415_14': {'PF12344.3': [[556, 599]]}, 'S0C15997_12': {'PF02130.12': [[6, 110]]}, 'S0C52338_4': {'PF00298.14': [[71, 139]], 'PF03946.9': [[8, 66]]}, 'S0C52338_2': {'PF00466.15': [[8, 102]]}, 'S0C29541_13': {'PF01250.12': [[4, 94]]}, 'S0C46320_10': {'PF00889.14': [[57, 273]]}, 'S0C52338_3': {'PF00687.16': [[1, 102]]}, 'S0C46320_11': {'PF00318.15': [[9, 225]]}, 'S0C37094_12': {'PF08459.6': [[121, 273]]}}
S0CS0C51899	{}
S0CS0C52204	{'S0C52204_3': {'PF01409.15': [[9, 259]]}, 'S0C52204_33': {'PF00453.13': [[3, 109]]}}
S0CS0C50800	{}
S0CS0C52700	{}
S0CS0C5286	{}
S0CS0C40904	{'S0C29839_3': {'TIGR00810': [[4, 74]]}, 'S0C22854_3': {'TIGR00922': [[2, 150]]}, 'S0C45867_2&&S0C45867_3': {'TIGR00084': [[1, 77]]}, 'S0C43596_7': {'TIGR00755': [[10, 263]]}, 'S0C10069_6': {'TIGR03723': [[3, 261]], 'TIGR00329': [[4, 261]]}, 'S0C21596_5': {'TIGR00967': [[20, 295]]}, 'S0C32823_2': {'TIGR00460': [[5, 275]]}, 'S0C21596_1': {'PF00333.15': [[10, 75]], 'PF03719.10': [[85, 158]]}, 'S0C39422_4': {'PF01668.13': [[13, 79]]}, 'S0C29839_5': {'PF08529.6': [[4, 72]]}, 'S0C40768_1': {'PF13603.1': [[221, 403]]}, 'S0C22854_4': {'PF03946.9': [[8, 67]], 'PF00298.14': [[72, 140]]}, 'S0C4365_4': {'PF05697.8': [[1, 145]]}, 'S0C21596_4': {'PF00828.14': [[8, 112]]}, 'S0C10623_3': {'PF00380.14': [[8, 128]]}, 'S0C10623_1': {'PF00889.14': [[56, 178]]}, 'S0C22854_5': {'PF00687.16': [[28, 220]]}, 'S0C25299_1': {'PF00177.16': [[1, 58]]}, 'S0C10623_2': {'PF00318.15': [[1, 198]]}, 'S0C25299_2': {'PF00164.20': [[3, 123]]}, 'S0C25299_3&&S0C25299_4': {'PF04998.12': [[4, 118]]}}
S0CS0C5708	{'S0C37697_2': {'PF04998.12': [[395, 640]], 'PF00623.15': [[21, 115]], 'PF04983.13': [[118, 273]], 'PF05000.12': [[303, 392]]}, 'S0C37697_1': {'PF04997.7': [[18, 186]]}}
S0CS0C54233	{}
S0CS0C5777	{'S0C5777_2': {'TIGR02432': [[29, 208]]}}
S0CS0C5986	{}
S0CS0C5808	{}
S0CS0C6891	{}
S0CS0C6754	{}
S0CS0C74	{}
S0CS0C8281	{}
S0CS0C746	{}
S0CS0C8336	{}
S0CS0C9356	{'S0C9356_4': {'PF08529.6': [[4, 124]], 'PF13184.1': [[229, 297]]}, 'S0C9356_1': {'PF11987.3': [[728, 796]]}}
S0CS0C8662	{}
S0CS0C9603	{}
S0CS0C9956	{}
S0CS0C9674	{}
S0CS0C7531	{'S0C11763_4': {'TIGR00460': [[24, 324]]}}
S0CS0C7285	{'S0C17924_2': {'PF02978.14': [[328, 427]]}, 'S0C379_1': {'PF01409.15': [[4, 160]]}, 'S0C379_2': {'PF03484.10': [[412, 479]]}, 'S0C32729_3': {'PF00312.17': [[7, 88]]}}
S0CS0C46464	{'S0C14136_1': {'TIGR00615': [[1, 175]]}, 'S0C49702_2': {'TIGR00084': [[76, 223]]}, 'S0C5777_2': {'TIGR02432': [[29, 208]]}, 'S0C22931_3': {'TIGR03263': [[12, 166]]}, 'S0C11763_4': {'TIGR00460': [[5, 305]]}, 'S0C9088_1': {'PF01409.15': [[92, 337]], 'PF02912.13': [[16, 88]]}, 'S0C9088_2': {'PF03484.10': [[404, 471]]}, 'S0C49702_3': {'PF05491.8': [[257, 331]]}, 'S0C39020_2': {'PF02130.12': [[25, 142]]}, 'S0C12142_2': {'PF02367.12': [[14, 133]]}}
S0CS0C5942	{'S0C46167_5': {'TIGR00810': [[3, 75]]}, 'S0C52559_2': {'TIGR00084': [[2, 199]]}, 'S0C47249_2': {'TIGR00392': [[14, 831]]}, 'S0C37368_3': {'TIGR02075': [[6, 238]]}, 'S0C477_6': {'PF01121.15': [[1, 149]]}, 'S0C46167_2': {'PF01668.13': [[7, 73]]}, 'S0C37368_4': {'PF01765.14': [[20, 183]]}, 'S0C49903_2': {'PF01018.17': [[2, 157]]}, 'S0C10744_4': {'PF01509.13': [[23, 77]]}, 'S0C33202_6': {'PF01746.16': [[23, 222]]}, 'S0C10744_1': {'PF11987.3': [[275, 381]]}, 'S0C33202_1': {'PF01245.15': [[2, 113]]}, 'S0C12678_2': {'PF01649.13': [[2, 84]]}, 'S0C8027_2': {'PF01195.14': [[3, 184]]}, 'S0C10744_3': {'PF02033.13': [[4, 107]]}, 'S0C39535_1': {'PF02367.12': [[17, 65]]}, 'S0C31321_3': {'PF00886.14': [[9, 67]]}}
S0CS0C50770	{'S0C22854_3': {'TIGR00922': [[2, 150]]}, 'S0C45867_2&&S0C45867_3': {'TIGR00084': [[1, 77]]}, 'S0C43596_6': {'TIGR00755': [[10, 263]]}, 'S0C10069_6': {'TIGR03723': [[3, 261]], 'TIGR00329': [[4, 261]]}, 'S0C21596_5': {'TIGR00967': [[20, 295]]}, 'S0C32823_2': {'TIGR00460': [[5, 275]]}, 'S0C17924_2': {'PF02978.14': [[328, 427]]}, 'S0C21596_1': {'PF00333.15': [[10, 75]], 'PF03719.10': [[85, 158]]}, 'S0C40768_1': {'PF13603.1': [[221, 403]]}, 'S0C23349_1': {'PF00453.13': [[3, 108]]}, 'S0C22854_4': {'PF03946.9': [[8, 67]], 'PF00298.14': [[72, 140]]}, 'S0C4365_4': {'PF05697.8': [[1, 145]]}, 'S0C9016_1': {'PF01649.13': [[2, 44]]}, 'S0C21596_4': {'PF00828.14': [[8, 112]]}, 'S0C10623_3': {'PF00380.14': [[8, 128]]}, 'S0C30723_3': {'PF00829.16': [[1, 95]]}, 'S0C10623_1': {'PF00889.14': [[56, 178]]}, 'S0C22854_5': {'PF00687.16': [[28, 220]]}, 'S0C25299_1': {'PF00177.16': [[1, 58]]}, 'S0C10623_2': {'PF00318.15': [[1, 198]]}, 'S0C25299_2': {'PF00164.20': [[3, 123]]}, 'S0C23349_2': {'PF01632.14': [[2, 61]]}, 'S0C25299_3&&S0C25299_4': {'PF04998.12': [[4, 118]]}, 'S0C30723_1': {'PF01016.14': [[10, 70]]}}
S0CS0C17898	{'S0C25657_15': {'TIGR00615': [[1, 197]]}, 'S0C30321_22': {'TIGR00615': [[1, 197]]}, 'S0C51248_11': {'TIGR00459': [[3, 582]]}, 'S0C34176_8': {'TIGR00810': [[2, 75]]}, 'S0C24224_18': {'TIGR00810': [[3, 75]]}, 'S0C42125_4': {'TIGR00922': [[12, 183]]}, 'S0C48156_4': {'TIGR00250': [[4, 136]]}, 'S0C50054_1': {'TIGR00250': [[4, 136]]}, 'S0C52825_22': {'TIGR00084': [[3, 193]]}, 'S0C52840_6': {'TIGR00019': [[3, 360]]}, 'S0C29095_27': {'TIGR00019': [[2, 357]]}, 'S0C41639_6': {'TIGR03594': [[4, 431]]}, 'S0C10897_6': {'TIGR00392': [[14, 554]]}, 'S0C21243_6': {'TIGR02432': [[16, 196]]}, 'S0C33830_4': {'TIGR02432': [[2, 95]]}, 'S0C20472_23': {'TIGR03263': [[5, 184]]}, 'S0C9426_5': {'TIGR03263': [[1, 146]]}, 'S0C22342_2': {'TIGR00755': [[22, 286]]}, 'S0C48472_19': {'TIGR00755': [[2, 202]]}, 'S0C30321_9': {'TIGR03723': [[7, 318]], 'TIGR00329': [[8, 312]]}, 'S0C25657_29': {'TIGR03723': [[9, 319]], 'TIGR00329': [[10, 313]]}, 'S0C23545_2': {'TIGR00967': [[15, 426]]}, 'S0C1736_23': {'TIGR00967': [[15, 252]]}, 'S0C17941_2': {'TIGR02075': [[4, 235]]}, 'S0C46320_9': {'TIGR02075': [[6, 238]]}, 'S0C29706_3': {'TIGR00855': [[1, 122]]}, 'S0C52338_1': {'TIGR00855': [[1, 111]]}, 'S0C32197_7': {'TIGR01079': [[1, 101]]}, 'S0C9958_2': {'TIGR01079': [[3, 46]]}, 'S0C20169_5': {'TIGR00460': [[3, 309]]}, 'S0C20472_18': {'TIGR00460': [[1, 278]]}, 'S0C28979_7': {'TIGR00344': [[5, 620]]}, 'S0C50054_2': {'TIGR00344': [[5, 644]]}, 'S0C32197_13': {'PF00237.14': [[10, 114]]}, 'S0C40240_2': {'PF00237.14': [[10, 114]]}, 'S0C32197_1': {'PF00333.15': [[11, 76]], 'PF03719.10': [[86, 159]]}, 'S0C1736_26': {'PF00333.15': [[11, 76]], 'PF03719.10': [[86, 159]]}, 'S0C39524_20': {'PF01000.21': [[54, 150]], 'PF01193.19': [[24, 220]]}, 'S0C1736_17': {'PF01000.21': [[61, 154]], 'PF01193.19': [[27, 227]]}, 'S0C43962_3': {'PF01121.15': [[4, 182]]}, 'S0C32197_6': {'PF00673.16': [[85, 178]], 'PF00281.14': [[26, 81]]}, 'S0C9958_1': {'PF00673.16': [[86, 139]], 'PF00281.14': [[25, 81]]}, 'S0C1736_30': {'PF00673.16': [[1, 36]]}, 'S0C34176_1': {'PF01668.13': [[13, 79]]}, 'S0C24224_21': {'PF01668.13': [[12, 41]]}, 'S0C17941_1': {'PF01765.14': [[20, 182]]}, 'S0C46320_8': {'PF01765.14': [[22, 184]]}, 'S0C52204_3': {'PF01409.15': [[9, 259]]}, 'S0C42617_3': {'PF01409.15': [[95, 344]], 'PF02912.13': [[20, 91]]}, 'S0C54026_1': {'PF00562.23': [[302, 475]], 'PF04565.11': [[97, 166]], 'PF10385.4': [[175, 242]]}, 'S0C22765_2': {'PF00562.23': [[627, 1066]], 'PF04565.11': [[474, 543]], 'PF10385.4': [[552, 619]], 'PF04563.10': [[28, 470]], 'PF04561.9': [[140, 287]], 'PF04560.15': [[1068, 1142]]}, 'S0C52888_2': {'PF00562.23': [[1, 206]], 'PF04560.15': [[208, 281]]}, 'S0C54026_2': {'PF04563.10': [[23, 241]], 'PF04561.9': [[135, 286]]}, 'S0C48519_15': {'PF08529.6': [[4, 124]], 'PF13184.1': [[229, 296]]}, 'S0C9356_4': {'PF08529.6': [[4, 124]], 'PF13184.1': [[229, 297]]}, 'S0C36021_3': {'PF13603.1': [[158, 338]]}, 'S0C37094_11': {'PF01018.17': [[2, 156]]}, 'S0C16490_10': {'PF01018.17': [[2, 157]]}, 'S0C52825_23': {'PF05491.8': [[259, 333]]}, 'S0C33483_4': {'PF01795.14': [[4, 312]]}, 'S0C26412_17': {'PF01795.14': [[3, 311]]}, 'S0C48519_8': {'PF01509.13': [[23, 154]]}, 'S0C50755_4': {'PF01509.13': [[2, 139]]}, 'S0C53415_14': {'PF12344.3': [[595, 638]]}, 'S0C1930_4': {'PF12344.3': [[558, 600]]}, 'S0C32197_11': {'PF00252.13': [[4, 133]]}, 'S0C9958_6': {'PF00252.13': [[1, 129]]}, 'S0C22765_1': {'PF04997.7': [[32, 207]], 'PF00623.15': [[209, 350]], 'PF04983.13': [[354, 414]]}, 'S0C52888_1': {'PF04997.7': [[5, 331]], 'PF00623.15': [[333, 474]], 'PF04983.13': [[478, 663]], 'PF05000.12': [[693, 754]]}, 'S0C26601_3': {'PF04983.13': [[9, 117]], 'PF05000.12': [[149, 212]], 'PF04998.12': [[224, 591]]}, 'S0C32197_2': {'PF00861.17': [[7, 119]]}, 'S0C1736_27': {'PF00861.17': [[7, 118]]}, 'S0C32197_18': {'PF00338.17': [[6, 102]]}, 'S0C40240_8': {'PF00338.17': [[1, 93]]}, 'S0C9961_6': {'PF03484.10': [[28, 94]]}, 'S0C42617_2': {'PF03484.10': [[412, 478]]}, 'S0C4101_3': {'PF00312.17': [[7, 88]]}, 'S0C38228_7': {'PF00312.17': [[8, 88]]}, 'S0C38394_8': {'PF01746.16': [[22, 219]]}, 'S0C18100_15': {'PF01746.16': [[23, 224]]}, 'S0C32197_17': {'PF00297.17': [[10, 203]]}, 'S0C40240_7': {'PF00297.17': [[10, 203]]}, 'S0C32197_4': {'PF00410.14': [[5, 132]]}, 'S0C1736_29': {'PF00410.14': [[5, 132]]}, 'S0C32197_3': {'PF00347.18': [[88, 162]]}, 'S0C1736_28': {'PF00347.18': [[91, 165]]}, 'S0C3432_3': {'PF06421.7': [[497, 604]]}, 'S0C29322_1': {'PF06421.7': [[57, 163]]}, 'S0C9356_1': {'PF11987.3': [[728, 796]]}, 'S0C48519_10': {'PF11987.3': [[2, 106]]}, 'S0C38394_12': {'PF02978.14': [[328, 427]]}, 'S0C18100_19': {'PF02978.14': [[49, 148]]}, 'S0C32197_12': {'PF00189.15': [[118, 201]]}, 'S0C40240_1': {'PF00189.15': [[118, 201]]}, 'S0C51248_2': {'PF02130.12': [[1, 110]]}, 'S0C15997_11': {'PF02130.12': [[6, 110]]}, 'S0C52204_29': {'PF00453.13': [[3, 109]]}, 'S0C37633_17': {'PF00453.13': [[3, 108]]}, 'S0C9958_3': {'PF00238.14': [[1, 122]]}, 'S0C32197_8': {'PF00238.14': [[1, 122]]}, 'S0C14245_11': {'PF03948.9': [[63, 149]], 'PF01281.14': [[1, 47]]}, 'S0C45584_8': {'PF03948.9': [[62, 149]], 'PF01281.14': [[1, 48]]}, 'S0C51603_7': {'PF06071.8': [[284, 367]]}, 'S0C1730_18': {'PF06071.8': [[1, 41]]}, 'S0C52338_4': {'PF00298.14': [[71, 139]], 'PF03946.9': [[8, 66]]}, 'S0C22855_8': {'PF00298.14': [[71, 139]], 'PF03946.9': [[8, 66]]}, 'S0C18100_14': {'PF01245.15': [[4, 114]]}, 'S0C38394_7': {'PF01245.15': [[4, 114]]}, 'S0C25678_10': {'PF05697.8': [[1, 145]]}, 'S0C4101_8': {'PF05697.8': [[1, 145]]}, 'S0C38228_6': {'PF01649.13': [[3, 84]]}, 'S0C4101_2': {'PF01649.13': [[4, 83]]}, 'S0C36478_2': {'PF01195.14': [[3, 185]]}, 'S0C52338_2': {'PF00466.15': [[8, 102]]}, 'S0C22855_1': {'PF00466.15': [[7, 48]]}, 'S0C32197_14': {'PF03947.13': [[124, 253]], 'PF00181.18': [[42, 118]]}, 'S0C40240_4': {'PF03947.13': [[124, 252]], 'PF00181.18': [[42, 117]]}, 'S0C50755_7': {'PF02033.13': [[4, 108]]}, 'S0C48519_9': {'PF02033.13': [[5, 60]]}, 'S0C40240_6': {'PF00573.17': [[17, 204]]}, 'S0C32197_16': {'PF00573.17': [[17, 204]]}, 'S0C45821_13': {'PF04998.12': [[21, 277]]}, 'S0C23545_3': {'PF00828.14': [[27, 145]]}, 'S0C1736_24': {'PF00828.14': [[27, 100]]}, 'S0C39524_7': {'PF00380.14': [[10, 130]]}, 'S0C1736_8': {'PF00380.14': [[10, 130]]}, 'S0C29541_13': {'PF01250.12': [[4, 94]]}, 'S0C10581_3': {'PF00829.16': [[1, 95]]}, 'S0C9958_4': {'PF00366.15': [[13, 80]]}, 'S0C32197_9': {'PF00366.15': [[12, 79]]}, 'S0C12666_6': {'PF02367.12': [[16, 132]]}, 'S0C9323_2': {'PF02367.12': [[13, 129]]}, 'S0C46320_10': {'PF00889.14': [[57, 273]]}, 'S0C17941_3': {'PF00889.14': [[57, 274]]}, 'S0C1736_9': {'PF00572.13': [[16, 142]]}, 'S0C39524_8': {'PF00572.13': [[16, 143]]}, 'S0C22855_7': {'PF00687.16': [[6, 193]]}, 'S0C52338_3': {'PF00687.16': [[1, 102]]}, 'S0C38394_11': {'PF00886.14': [[9, 67]]}, 'S0C18100_18': {'PF00886.14': [[9, 67]]}, 'S0C45821_8': {'PF00177.16': [[1, 149]]}, 'S0C18196_2&&S0C18196_3': {'PF00177.16': [[1, 53]]}, 'S0C40240_5': {'PF00276.15': [[5, 90]]}, 'S0C32197_15': {'PF00276.15': [[5, 91]]}, 'S0C17941_4': {'PF00318.15': [[9, 225]]}, 'S0C46320_11': {'PF00318.15': [[9, 225]]}, 'S0C37094_12': {'PF08459.6': [[121, 273]]}, 'S0C16490_5': {'PF08459.6': [[372, 527]]}, 'S0C45821_9': {'PF00164.20': [[2, 136]]}, 'S0C18196_4': {'PF00164.20': [[11, 109]]}, 'S0C39524_19': {'PF01196.14': [[16, 127]]}, 'S0C1736_15': {'PF01196.14': [[16, 126]]}, 'S0C40240_3': {'PF00203.16': [[5, 64]]}, 'S0C37633_18': {'PF01632.14': [[2, 62]]}, 'S0C10581_1': {'PF01016.14': [[11, 61]]}, 'S0C1736_18': {'PF00411.14': [[19, 128]]}, 'S0C39524_21': {'PF00411.14': [[19, 128]]}, 'S0C24224_11': {'PF00162.14': [[6, 385]]}, 'S0C34176_18': {'PF00162.14': [[5, 393]]}, 'S0C32197_10': {'PF00831.18': [[3, 59]]}, 'S0C9958_5': {'PF00831.18': [[3, 59]]}, 'S0C1736_19': {'PF00416.17': [[3, 108]]}, 'S0C39524_22': {'PF00416.17': [[3, 108]]}}
S0CS0C20142	{'S0C25657_15': {'TIGR00615': [[1, 197]]}, 'S0C30321_22': {'TIGR00615': [[1, 197]]}, 'S0C51248_11': {'TIGR00459': [[3, 582]]}, 'S0C34176_8': {'TIGR00810': [[2, 75]]}, 'S0C24224_18': {'TIGR00810': [[3, 75]]}, 'S0C42125_4': {'TIGR00922': [[12, 183]]}, 'S0C50054_1': {'TIGR00250': [[4, 136]]}, 'S0C52825_22': {'TIGR00084': [[3, 193]]}, 'S0C52840_6': {'TIGR00019': [[3, 360]]}, 'S0C29095_27': {'TIGR00019': [[2, 357]]}, 'S0C41639_6': {'TIGR03594': [[4, 431]]}, 'S0C10897_6': {'TIGR00392': [[14, 554]]}, 'S0C21243_6': {'TIGR02432': [[16, 196]]}, 'S0C33830_4': {'TIGR02432': [[2, 95]]}, 'S0C20472_23': {'TIGR03263': [[5, 184]]}, 'S0C9426_5': {'TIGR03263': [[1, 146]]}, 'S0C22342_2': {'TIGR00755': [[22, 286]]}, 'S0C48472_19': {'TIGR00755': [[2, 202]]}, 'S0C30321_9': {'TIGR03723': [[7, 318]], 'TIGR00329': [[8, 312]]}, 'S0C25657_29': {'TIGR03723': [[9, 319]], 'TIGR00329': [[10, 313]]}, 'S0C23545_2': {'TIGR00967': [[15, 426]]}, 'S0C1736_23': {'TIGR00967': [[15, 252]]}, 'S0C17941_2': {'TIGR02075': [[4, 235]]}, 'S0C46320_9': {'TIGR02075': [[6, 238]]}, 'S0C29706_3': {'TIGR00855': [[1, 122]]}, 'S0C52338_1': {'TIGR00855': [[1, 111]]}, 'S0C32197_7': {'TIGR01079': [[1, 101]]}, 'S0C9958_2': {'TIGR01079': [[3, 46]]}, 'S0C20169_5': {'TIGR00460': [[3, 309]]}, 'S0C20472_18': {'TIGR00460': [[1, 278]]}, 'S0C28979_7': {'TIGR00344': [[5, 620]]}, 'S0C50054_2': {'TIGR00344': [[5, 644]]}, 'S0C32197_13': {'PF00237.14': [[10, 114]]}, 'S0C40240_2': {'PF00237.14': [[10, 114]]}, 'S0C32197_1': {'PF00333.15': [[11, 76]], 'PF03719.10': [[86, 159]]}, 'S0C1736_26': {'PF00333.15': [[11, 76]], 'PF03719.10': [[86, 159]]}, 'S0C39524_20': {'PF01000.21': [[54, 150]], 'PF01193.19': [[24, 220]]}, 'S0C1736_17': {'PF01000.21': [[61, 154]], 'PF01193.19': [[27, 227]]}, 'S0C43962_3': {'PF01121.15': [[4, 182]]}, 'S0C32197_6': {'PF00673.16': [[85, 178]], 'PF00281.14': [[26, 81]]}, 'S0C9958_1': {'PF00673.16': [[86, 139]], 'PF00281.14': [[25, 81]]}, 'S0C1736_30': {'PF00673.16': [[1, 36]]}, 'S0C34176_1': {'PF01668.13': [[13, 79]]}, 'S0C24224_21': {'PF01668.13': [[12, 41]]}, 'S0C17941_1': {'PF01765.14': [[20, 182]]}, 'S0C46320_8': {'PF01765.14': [[22, 184]]}, 'S0C52204_3': {'PF01409.15': [[9, 259]]}, 'S0C42617_3': {'PF01409.15': [[95, 344]], 'PF02912.13': [[20, 91]]}, 'S0C54026_1': {'PF00562.23': [[302, 475]], 'PF04565.11': [[97, 166]], 'PF10385.4': [[175, 242]]}, 'S0C22765_2': {'PF00562.23': [[627, 1066]], 'PF04565.11': [[474, 543]], 'PF10385.4': [[552, 619]], 'PF04563.10': [[28, 470]], 'PF04561.9': [[140, 287]], 'PF04560.15': [[1068, 1142]]}, 'S0C54026_2': {'PF04563.10': [[23, 241]], 'PF04561.9': [[135, 286]]}, 'S0C48519_15': {'PF08529.6': [[4, 124]], 'PF13184.1': [[229, 296]]}, 'S0C9356_4': {'PF08529.6': [[4, 124]], 'PF13184.1': [[229, 297]]}, 'S0C36021_3': {'PF13603.1': [[158, 338]]}, 'S0C37094_11': {'PF01018.17': [[2, 156]]}, 'S0C16490_10': {'PF01018.17': [[2, 157]]}, 'S0C52825_23': {'PF05491.8': [[259, 333]]}, 'S0C33483_4': {'PF01795.14': [[4, 312]]}, 'S0C26412_17': {'PF01795.14': [[3, 311]]}, 'S0C48519_8': {'PF01509.13': [[23, 154]]}, 'S0C50755_4': {'PF01509.13': [[2, 139]]}, 'S0C53415_14': {'PF12344.3': [[595, 638]]}, 'S0C1930_4': {'PF12344.3': [[558, 600]]}, 'S0C32197_11': {'PF00252.13': [[4, 133]]}, 'S0C9958_6': {'PF00252.13': [[1, 129]]}, 'S0C22765_1': {'PF04997.7': [[32, 207]], 'PF00623.15': [[209, 350]], 'PF04983.13': [[354, 414]]}, 'S0C26601_3': {'PF04983.13': [[9, 117]], 'PF04998.12': [[224, 591]], 'PF05000.12': [[149, 212]]}, 'S0C32197_2': {'PF00861.17': [[7, 119]]}, 'S0C1736_27': {'PF00861.17': [[7, 118]]}, 'S0C32197_18': {'PF00338.17': [[6, 102]]}, 'S0C40240_8': {'PF00338.17': [[1, 93]]}, 'S0C9961_6': {'PF03484.10': [[28, 94]]}, 'S0C42617_2': {'PF03484.10': [[412, 478]]}, 'S0C4101_3': {'PF00312.17': [[7, 88]]}, 'S0C38228_7': {'PF00312.17': [[8, 88]]}, 'S0C38394_8': {'PF01746.16': [[22, 219]]}, 'S0C18100_15': {'PF01746.16': [[23, 224]]}, 'S0C32197_17': {'PF00297.17': [[10, 203]]}, 'S0C40240_7': {'PF00297.17': [[10, 203]]}, 'S0C32197_4': {'PF00410.14': [[5, 132]]}, 'S0C1736_29': {'PF00410.14': [[5, 132]]}, 'S0C32197_3': {'PF00347.18': [[88, 162]]}, 'S0C1736_28': {'PF00347.18': [[91, 165]]}, 'S0C3432_3': {'PF06421.7': [[497, 604]]}, 'S0C29322_1': {'PF06421.7': [[57, 163]]}, 'S0C9356_1': {'PF11987.3': [[728, 796]]}, 'S0C48519_10': {'PF11987.3': [[2, 106]]}, 'S0C38394_12': {'PF02978.14': [[328, 427]]}, 'S0C18100_19': {'PF02978.14': [[49, 148]]}, 'S0C32197_12': {'PF00189.15': [[118, 201]]}, 'S0C40240_1': {'PF00189.15': [[118, 201]]}, 'S0C51248_2': {'PF02130.12': [[1, 110]]}, 'S0C15997_11': {'PF02130.12': [[6, 110]]}, 'S0C52204_29': {'PF00453.13': [[3, 109]]}, 'S0C37633_17': {'PF00453.13': [[3, 108]]}, 'S0C9958_3': {'PF00238.14': [[1, 122]]}, 'S0C32197_8': {'PF00238.14': [[1, 122]]}, 'S0C14245_11': {'PF03948.9': [[63, 149]], 'PF01281.14': [[1, 47]]}, 'S0C45584_8': {'PF03948.9': [[62, 149]], 'PF01281.14': [[1, 48]]}, 'S0C51603_7': {'PF06071.8': [[284, 367]]}, 'S0C1730_18': {'PF06071.8': [[1, 41]]}, 'S0C52338_4': {'PF00298.14': [[71, 139]], 'PF03946.9': [[8, 66]]}, 'S0C22855_8': {'PF00298.14': [[71, 139]], 'PF03946.9': [[8, 66]]}, 'S0C18100_14': {'PF01245.15': [[4, 114]]}, 'S0C38394_7': {'PF01245.15': [[4, 114]]}, 'S0C25678_10': {'PF05697.8': [[1, 145]]}, 'S0C4101_8': {'PF05697.8': [[1, 145]]}, 'S0C38228_6': {'PF01649.13': [[3, 84]]}, 'S0C4101_2': {'PF01649.13': [[4, 83]]}, 'S0C36478_2': {'PF01195.14': [[3, 185]]}, 'S0C52338_2': {'PF00466.15': [[8, 102]]}, 'S0C22855_1': {'PF00466.15': [[7, 48]]}, 'S0C32197_14': {'PF03947.13': [[124, 253]], 'PF00181.18': [[42, 118]]}, 'S0C40240_4': {'PF03947.13': [[124, 252]], 'PF00181.18': [[42, 117]]}, 'S0C50755_7': {'PF02033.13': [[4, 108]]}, 'S0C48519_9': {'PF02033.13': [[5, 60]]}, 'S0C40240_6': {'PF00573.17': [[17, 204]]}, 'S0C32197_16': {'PF00573.17': [[17, 204]]}, 'S0C45821_13': {'PF04998.12': [[21, 277]]}, 'S0C23545_3': {'PF00828.14': [[27, 145]]}, 'S0C1736_24': {'PF00828.14': [[27, 100]]}, 'S0C39524_7': {'PF00380.14': [[10, 130]]}, 'S0C1736_8': {'PF00380.14': [[10, 130]]}, 'S0C29541_13': {'PF01250.12': [[4, 94]]}, 'S0C10581_3': {'PF00829.16': [[1, 95]]}, 'S0C9958_4': {'PF00366.15': [[13, 80]]}, 'S0C32197_9': {'PF00366.15': [[12, 79]]}, 'S0C12666_6': {'PF02367.12': [[16, 132]]}, 'S0C9323_2': {'PF02367.12': [[13, 129]]}, 'S0C46320_10': {'PF00889.14': [[57, 273]]}, 'S0C17941_3': {'PF00889.14': [[57, 274]]}, 'S0C1736_9': {'PF00572.13': [[16, 142]]}, 'S0C39524_8': {'PF00572.13': [[16, 143]]}, 'S0C22855_7': {'PF00687.16': [[6, 193]]}, 'S0C52338_3': {'PF00687.16': [[1, 102]]}, 'S0C38394_11': {'PF00886.14': [[9, 67]]}, 'S0C18100_18': {'PF00886.14': [[9, 67]]}, 'S0C45821_8': {'PF00177.16': [[1, 149]]}, 'S0C18196_2&&S0C18196_3': {'PF00177.16': [[1, 53]]}, 'S0C40240_5': {'PF00276.15': [[5, 90]]}, 'S0C32197_15': {'PF00276.15': [[5, 91]]}, 'S0C17941_4': {'PF00318.15': [[9, 225]]}, 'S0C46320_11': {'PF00318.15': [[9, 225]]}, 'S0C37094_12': {'PF08459.6': [[121, 273]]}, 'S0C16490_5': {'PF08459.6': [[372, 527]]}, 'S0C45821_9': {'PF00164.20': [[2, 136]]}, 'S0C18196_4': {'PF00164.20': [[11, 109]]}, 'S0C39524_19': {'PF01196.14': [[16, 127]]}, 'S0C1736_15': {'PF01196.14': [[16, 126]]}, 'S0C40240_3': {'PF00203.16': [[5, 64]]}, 'S0C37633_18': {'PF01632.14': [[2, 62]]}, 'S0C10581_1': {'PF01016.14': [[11, 61]]}, 'S0C1736_18': {'PF00411.14': [[19, 128]]}, 'S0C39524_21': {'PF00411.14': [[19, 128]]}, 'S0C24224_11': {'PF00162.14': [[6, 385]]}, 'S0C34176_18': {'PF00162.14': [[5, 393]]}, 'S0C32197_10': {'PF00831.18': [[3, 59]]}, 'S0C9958_5': {'PF00831.18': [[3, 59]]}, 'S0C1736_19': {'PF00416.17': [[3, 108]]}, 'S0C39524_22': {'PF00416.17': [[3, 108]]}}
S0CS0C35278	{'S0C25657_15': {'TIGR00615': [[1, 197]]}, 'S0C30321_22': {'TIGR00615': [[1, 197]]}, 'S0C51248_11': {'TIGR00459': [[3, 582]]}, 'S0C34176_8': {'TIGR00810': [[2, 75]]}, 'S0C24224_18': {'TIGR00810': [[3, 75]]}, 'S0C42125_4': {'TIGR00922': [[12, 183]]}, 'S0C48156_4': {'TIGR00250': [[4, 136]]}, 'S0C50054_1': {'TIGR00250': [[4, 136]]}, 'S0C52825_22': {'TIGR00084': [[3, 193]]}, 'S0C52840_6': {'TIGR00019': [[3, 360]]}, 'S0C29095_27': {'TIGR00019': [[2, 357]]}, 'S0C41639_6': {'TIGR03594': [[4, 431]]}, 'S0C10897_6': {'TIGR00392': [[14, 554]]}, 'S0C21243_6': {'TIGR02432': [[16, 196]]}, 'S0C33830_4': {'TIGR02432': [[2, 95]]}, 'S0C20472_23': {'TIGR03263': [[5, 184]]}, 'S0C9426_5': {'TIGR03263': [[1, 146]]}, 'S0C22342_2': {'TIGR00755': [[22, 286]]}, 'S0C48472_19': {'TIGR00755': [[2, 202]]}, 'S0C30321_9': {'TIGR03723': [[7, 318]], 'TIGR00329': [[8, 312]]}, 'S0C25657_29': {'TIGR03723': [[9, 319]], 'TIGR00329': [[10, 313]]}, 'S0C23545_2': {'TIGR00967': [[15, 426]]}, 'S0C1736_23': {'TIGR00967': [[15, 252]]}, 'S0C17941_2': {'TIGR02075': [[4, 235]]}, 'S0C46320_9': {'TIGR02075': [[6, 238]]}, 'S0C29706_3': {'TIGR00855': [[1, 122]]}, 'S0C52338_1': {'TIGR00855': [[1, 111]]}, 'S0C32197_7': {'TIGR01079': [[1, 101]]}, 'S0C9958_2': {'TIGR01079': [[3, 46]]}, 'S0C20169_5': {'TIGR00460': [[3, 309]]}, 'S0C20472_18': {'TIGR00460': [[1, 278]]}, 'S0C28979_7': {'TIGR00344': [[5, 620]]}, 'S0C50054_2': {'TIGR00344': [[5, 644]]}, 'S0C32197_13': {'PF00237.14': [[10, 114]]}, 'S0C40240_2': {'PF00237.14': [[10, 114]]}, 'S0C32197_1': {'PF00333.15': [[11, 76]], 'PF03719.10': [[86, 159]]}, 'S0C1736_26': {'PF00333.15': [[11, 76]], 'PF03719.10': [[86, 159]]}, 'S0C39524_20': {'PF01000.21': [[54, 150]], 'PF01193.19': [[24, 220]]}, 'S0C1736_17': {'PF01000.21': [[61, 154]], 'PF01193.19': [[27, 227]]}, 'S0C43962_3': {'PF01121.15': [[4, 182]]}, 'S0C32197_6': {'PF00673.16': [[85, 178]], 'PF00281.14': [[26, 81]]}, 'S0C9958_1': {'PF00673.16': [[86, 139]], 'PF00281.14': [[25, 81]]}, 'S0C1736_30': {'PF00673.16': [[1, 36]]}, 'S0C34176_1': {'PF01668.13': [[13, 79]]}, 'S0C24224_21': {'PF01668.13': [[12, 41]]}, 'S0C17941_1': {'PF01765.14': [[20, 182]]}, 'S0C46320_8': {'PF01765.14': [[22, 184]]}, 'S0C52204_3': {'PF01409.15': [[9, 259]]}, 'S0C42617_3': {'PF01409.15': [[95, 344]], 'PF02912.13': [[20, 91]]}, 'S0C54026_1': {'PF00562.23': [[302, 475]], 'PF04565.11': [[97, 166]], 'PF10385.4': [[175, 242]]}, 'S0C22765_2': {'PF00562.23': [[627, 1066]], 'PF04565.11': [[474, 543]], 'PF10385.4': [[552, 619]], 'PF04563.10': [[28, 470]], 'PF04561.9': [[140, 287]], 'PF04560.15': [[1068, 1142]]}, 'S0C52888_2': {'PF00562.23': [[1, 206]], 'PF04560.15': [[208, 281]]}, 'S0C54026_2': {'PF04563.10': [[23, 241]], 'PF04561.9': [[135, 286]]}, 'S0C48519_15': {'PF08529.6': [[4, 124]], 'PF13184.1': [[229, 296]]}, 'S0C9356_4': {'PF08529.6': [[4, 124]], 'PF13184.1': [[229, 297]]}, 'S0C36021_3': {'PF13603.1': [[158, 338]]}, 'S0C37094_11': {'PF01018.17': [[2, 156]]}, 'S0C16490_10': {'PF01018.17': [[2, 157]]}, 'S0C52825_23': {'PF05491.8': [[259, 333]]}, 'S0C33483_4': {'PF01795.14': [[4, 312]]}, 'S0C26412_17': {'PF01795.14': [[3, 311]]}, 'S0C48519_8': {'PF01509.13': [[23, 154]]}, 'S0C50755_4': {'PF01509.13': [[2, 139]]}, 'S0C53415_14': {'PF12344.3': [[595, 638]]}, 'S0C1930_4': {'PF12344.3': [[558, 600]]}, 'S0C32197_11': {'PF00252.13': [[4, 133]]}, 'S0C9958_6': {'PF00252.13': [[1, 129]]}, 'S0C22765_1': {'PF04997.7': [[32, 207]], 'PF00623.15': [[209, 350]], 'PF04983.13': [[354, 414]]}, 'S0C52888_1': {'PF04997.7': [[5, 331]], 'PF00623.15': [[333, 474]], 'PF04983.13': [[478, 663]], 'PF05000.12': [[693, 754]]}, 'S0C32197_2': {'PF00861.17': [[7, 119]]}, 'S0C1736_27': {'PF00861.17': [[7, 118]]}, 'S0C32197_18': {'PF00338.17': [[6, 102]]}, 'S0C40240_8': {'PF00338.17': [[1, 93]]}, 'S0C9961_6': {'PF03484.10': [[28, 94]]}, 'S0C42617_2': {'PF03484.10': [[412, 478]]}, 'S0C4101_3': {'PF00312.17': [[7, 88]]}, 'S0C38228_7': {'PF00312.17': [[8, 88]]}, 'S0C38394_8': {'PF01746.16': [[22, 219]]}, 'S0C18100_15': {'PF01746.16': [[23, 224]]}, 'S0C32197_17': {'PF00297.17': [[10, 203]]}, 'S0C40240_7': {'PF00297.17': [[10, 203]]}, 'S0C32197_4': {'PF00410.14': [[5, 132]]}, 'S0C1736_29': {'PF00410.14': [[5, 132]]}, 'S0C32197_3': {'PF00347.18': [[88, 162]]}, 'S0C1736_28': {'PF00347.18': [[91, 165]]}, 'S0C3432_3': {'PF06421.7': [[497, 604]]}, 'S0C29322_1': {'PF06421.7': [[57, 163]]}, 'S0C9356_1': {'PF11987.3': [[728, 796]]}, 'S0C48519_10': {'PF11987.3': [[2, 106]]}, 'S0C38394_12': {'PF02978.14': [[328, 427]]}, 'S0C18100_19': {'PF02978.14': [[49, 148]]}, 'S0C32197_12': {'PF00189.15': [[118, 201]]}, 'S0C40240_1': {'PF00189.15': [[118, 201]]}, 'S0C51248_2': {'PF02130.12': [[1, 110]]}, 'S0C15997_11': {'PF02130.12': [[6, 110]]}, 'S0C52204_29': {'PF00453.13': [[3, 109]]}, 'S0C37633_17': {'PF00453.13': [[3, 108]]}, 'S0C9958_3': {'PF00238.14': [[1, 122]]}, 'S0C32197_8': {'PF00238.14': [[1, 122]]}, 'S0C14245_11': {'PF03948.9': [[63, 149]], 'PF01281.14': [[1, 47]]}, 'S0C45584_8': {'PF03948.9': [[62, 149]], 'PF01281.14': [[1, 48]]}, 'S0C51603_7': {'PF06071.8': [[284, 367]]}, 'S0C1730_18': {'PF06071.8': [[1, 41]]}, 'S0C52338_4': {'PF00298.14': [[71, 139]], 'PF03946.9': [[8, 66]]}, 'S0C22855_8': {'PF00298.14': [[71, 139]], 'PF03946.9': [[8, 66]]}, 'S0C18100_14': {'PF01245.15': [[4, 114]]}, 'S0C38394_7': {'PF01245.15': [[4, 114]]}, 'S0C25678_10': {'PF05697.8': [[1, 145]]}, 'S0C4101_8': {'PF05697.8': [[1, 145]]}, 'S0C38228_6': {'PF01649.13': [[3, 84]]}, 'S0C4101_2': {'PF01649.13': [[4, 83]]}, 'S0C36478_2': {'PF01195.14': [[3, 185]]}, 'S0C52338_2': {'PF00466.15': [[8, 102]]}, 'S0C22855_1': {'PF00466.15': [[7, 48]]}, 'S0C32197_14': {'PF03947.13': [[124, 253]], 'PF00181.18': [[42, 118]]}, 'S0C40240_4': {'PF03947.13': [[124, 252]], 'PF00181.18': [[42, 117]]}, 'S0C50755_7': {'PF02033.13': [[4, 108]]}, 'S0C48519_9': {'PF02033.13': [[5, 60]]}, 'S0C40240_6': {'PF00573.17': [[17, 204]]}, 'S0C32197_16': {'PF00573.17': [[17, 204]]}, 'S0C23545_3': {'PF00828.14': [[27, 145]]}, 'S0C1736_24': {'PF00828.14': [[27, 100]]}, 'S0C39524_7': {'PF00380.14': [[10, 130]]}, 'S0C1736_8': {'PF00380.14': [[10, 130]]}, 'S0C29541_13': {'PF01250.12': [[4, 94]]}, 'S0C10581_3': {'PF00829.16': [[1, 95]]}, 'S0C9958_4': {'PF00366.15': [[13, 80]]}, 'S0C32197_9': {'PF00366.15': [[12, 79]]}, 'S0C12666_6': {'PF02367.12': [[16, 132]]}, 'S0C9323_2': {'PF02367.12': [[13, 129]]}, 'S0C46320_10': {'PF00889.14': [[57, 273]]}, 'S0C17941_3': {'PF00889.14': [[57, 274]]}, 'S0C1736_9': {'PF00572.13': [[16, 142]]}, 'S0C39524_8': {'PF00572.13': [[16, 143]]}, 'S0C22855_7': {'PF00687.16': [[6, 193]]}, 'S0C52338_3': {'PF00687.16': [[1, 102]]}, 'S0C38394_11': {'PF00886.14': [[9, 67]]}, 'S0C18100_18': {'PF00886.14': [[9, 67]]}, 'S0C45821_8': {'PF00177.16': [[1, 149]]}, 'S0C18196_2&&S0C18196_3': {'PF00177.16': [[1, 53]]}, 'S0C40240_5': {'PF00276.15': [[5, 90]]}, 'S0C32197_15': {'PF00276.15': [[5, 91]]}, 'S0C17941_4': {'PF00318.15': [[9, 225]]}, 'S0C46320_11': {'PF00318.15': [[9, 225]]}, 'S0C37094_12': {'PF08459.6': [[121, 273]]}, 'S0C16490_5': {'PF08459.6': [[372, 527]]}, 'S0C45821_9': {'PF00164.20': [[2, 136]]}, 'S0C18196_4': {'PF00164.20': [[11, 109]]}, 'S0C39524_19': {'PF01196.14': [[16, 127]]}, 'S0C1736_15': {'PF01196.14': [[16, 126]]}, 'S0C40240_3': {'PF00203.16': [[5, 64]]}, 'S0C37633_18': {'PF01632.14': [[2, 62]]}, 'S0C45821_13': {'PF04998.12': [[21, 277]]}, 'S0C10581_1': {'PF01016.14': [[11, 61]]}, 'S0C1736_18': {'PF00411.14': [[19, 128]]}, 'S0C39524_21': {'PF00411.14': [[19, 128]]}, 'S0C24224_11': {'PF00162.14': [[6, 385]]}, 'S0C34176_18': {'PF00162.14': [[5, 393]]}, 'S0C32197_10': {'PF00831.18': [[3, 59]]}, 'S0C9958_5': {'PF00831.18': [[3, 59]]}, 'S0C1736_19': {'PF00416.17': [[3, 108]]}, 'S0C39524_22': {'PF00416.17': [[3, 108]]}}
